上得	soeng5
下一	haa6
下個	haa6
下半	haa6
下噉	haa5
來㗎	lai4
來嘅	lai4
呢一	ni1
呢一係	ne1
呢一向	ne1
呢一定	ne1
呢一早	ne1
呢一樣	ne1
呢一直	ne1
呢一般	ne1
呢一起	ne1
呢一路	ne1
呢一齊	ne1
呢七	ni1
呢三	ni1
呢下	ni1
呢下一	ne1
呢下個	ne1
呢下晝	ne1
呢下次	ne1
呢九	ni1
呢五	ni1
呢件	ni1
呢份	ni1
呢位	ni1
呢便	ni1
呢個	ni1
呢兩	ni1
呢八	ni1
呢六	ni1
呢刻	ni1
呢副	ni1
呢包	ni1
呢包括	ne1
呢匹	ni1
呢區	ni1
呢十	ni1
呢千	ni1
呢句	ni1
呢只	ni1
呢只不過	ne1
呢只係	ne1
呢只有	ne1
呢只要	ne1
呢啲	ni1
呢單	ni1
呢四	ni1
呢堆	ni1
呢場	ni1
呢塊	ni1
呢套	ni1
呢封	ni1
呢對	ni1
呢對你	ne1
呢對佢	ne1
呢對我	ne1
呢對於	ne1
呢屆	ni1
呢層	ni1
呢幢	ni1
呢年	ni1
呢幾	ni1
呢度	ni1
呢座	ni1
呢張	ni1
呢批	ni1
呢把	ni1
呢排	ni1
呢支	ni1
呢方	ni1
呢方便	ne1
呢日	ni1
呢日日	ne1
呢晚	ni1
呢期	ni1
呢本	ni1
呢本來	ne1
呢本身	ne1
呢杯	ni1
呢枝	ni1
呢架	ni1
呢條	ni1
呢棟	ni1
呢棵	ni1
呢樣	ni1
呢樽	ni1
呢次	ni1
呢款	ni1
呢段	ni1
呢片	ni1
呢片刻	ne1
呢班	ni1
呢番	ni1
呢百	ni1
呢盒	ni1
呢盞	ni1
呢碗	ni1
呢碟	ni1
呢科	ni1
呢種	ni1
呢篇	ni1
呢粒	ni1
呢罐	ni1
呢羣	ni1
呢群	ni1
呢處	ni1
呢課	ni1
呢趟	ni1
呢輛	ni1
呢道	ni1
呢邊	ni1
呢邊個	ne1
呢部	ni1
呢門	ni1
呢間	ni1
呢陣	ni1
呢隻	ni1
呢雙	ni1
呢頁	ni1
呢項	ni1
呢頭	ni1
呢頭先	ne1
呢顆	ni1
呢類	ni1
呢餐	ni1
呢首	ni1
呢點	ni1
呢點樣	ne1
呢點知	ne1
呢點解	ne1
咁㗎	gam2
咁不如	gam2
咁但	gam2
咁你	gam2
咁佢	gam2
咁其	gam2
咁即	gam2
咁又	gam2
咁另	gam2
咁呀	gam2
咁呢	gam2
咁咋	gam2
咁咧	gam2
咁咩	gam2
咁咪	gam2
咁啊	gam2
咁啦	gam2
咁啫	gam2
咁喇	gam2
咁喎	gam2
咁嗯	gam2
咁嘅	gam2
咁嘛	gam2
咁噃	gam2
咁嚟	gam2
咁囉	gam2
咁如	gam2
咁我	gam2
咁所	gam2
咁欸	gam2
咁而	gam2
咁誒	gam2
咁跟	gam2
咁都	gam2
咁首	gam2
咁點	gam2
哩一	ni1
哩七	ni1
哩三	ni1
哩下	ni1
哩九	ni1
哩五	ni1
哩件	ni1
哩份	ni1
哩位	ni1
哩便	ni1
哩個	ni1
哩兩	ni1
哩八	ni1
哩六	ni1
哩刻	ni1
哩副	ni1
哩包	ni1
哩匹	ni1
哩區	ni1
哩十	ni1
哩千	ni1
哩句	ni1
哩只	ni1
哩啲	ni1
哩單	ni1
哩四	ni1
哩堆	ni1
哩場	ni1
哩塊	ni1
哩套	ni1
哩封	ni1
哩對	ni1
哩屆	ni1
哩層	ni1
哩幢	ni1
哩年	ni1
哩幾	ni1
哩度	ni1
哩座	ni1
哩張	ni1
哩批	ni1
哩把	ni1
哩排	ni1
哩支	ni1
哩方	ni1
哩日	ni1
哩晚	ni1
哩期	ni1
哩本	ni1
哩杯	ni1
哩枝	ni1
哩架	ni1
哩條	ni1
哩棟	ni1
哩棵	ni1
哩樣	ni1
哩樽	ni1
哩次	ni1
哩款	ni1
哩段	ni1
哩片	ni1
哩班	ni1
哩番	ni1
哩百	ni1
哩盒	ni1
哩盞	ni1
哩碗	ni1
哩碟	ni1
哩科	ni1
哩種	ni1
哩篇	ni1
哩粒	ni1
哩罐	ni1
哩羣	ni1
哩群	ni1
哩處	ni1
哩課	ni1
哩趟	ni1
哩輛	ni1
哩道	ni1
哩邊	ni1
哩部	ni1
哩門	ni1
哩間	ni1
哩陣	ni1
哩隻	ni1
哩雙	ni1
哩頁	ni1
哩項	ni1
哩頭	ni1
哩顆	ni1
哩類	ni1
哩餐	ni1
哩首	ni1
哩點	ni1
平㗎	peng4
平呀	peng4
平咗	peng4
平啊	peng4
平啦	peng4
平喎	peng4
平囉	peng4
平少	peng4
成世	seng4
成包	seng4
成句	seng4
成堆	seng4
成晚	seng4
成架	seng4
成條	seng4
成棟	seng4
成盒	seng4
成碟	seng4
成隻	seng4
朝上	ciu4
朝下	ciu4
朝住	ciu4
朝向	ciu4
正啊	zeng3
為你	wai6
為佢	wai6
為我	wai6
畫一	waak6
畫個	waak6
當你係	dong3
當佢係	dong3
當我係	dong3
請人	ceng2
請佢	ceng2
請嘅	ceng2
請嚟	ceng2
請我	ceng2
請食	ceng2
請飲	ceng2
零蚊	leng4
零鐘	leng4
